-3.730209997786766429e-01,-8.732068521403726913e-02,-1.115179041012642480e-01,-1.989666046470595084e-02,-3.834016210175011707e+00,-4.977977934075390465e+00,-2.378924911342075177e-01,-5.333679707630878397e-05,-6.166544165814880074e-01,-1.258726920875851363e+00
-5.238209327655969361e-01,-1.629704007316817305e-01,-1.636187545533983323e-01,-2.778607813560390882e-02,-8.369741371061454771e+00,-1.063112948993845919e+01,-4.013054946537014445e+00,-1.729808802086085784e-01,-1.304570652509083217e+00,-1.016172590003842302e+00
-3.724851284371649696e-01,-1.546728245971431548e-01,-1.594835905611080018e-01,-1.964216673265672952e-02,-8.184487137076516206e+00,-1.021061549763946985e+01,-4.056532561833584793e+00,-6.163754336618865182e-05,-1.314605645717605853e+00,-1.824825309701251896e+00
-5.576851510460444361e-01,-1.483976295640478116e-01,-1.556543407917124477e-01,-5.797101003145949116e-02,-6.221169018382255445e+00,-8.795880934089154835e+00,-4.348931107392065343e+00,-3.752408964463067598e-01,-1.356500715162059834e+00,-7.346950018621338785e-01
-6.063160451085243263e-01,-9.980278011755008838e-02,-1.166496231806070649e-01,-5.824810176096456571e-02,-4.058001972431355853e+00,-7.500299597250933203e+00,-4.081867269775582230e+00,-4.143976372271636066e-01,-1.266490931926785635e+00,-2.387927009469265727e+00
-5.147031288318502096e-01,-1.522749408612563138e-01,-1.675452009391673880e-01,-1.848349315800812409e-02,-8.291081156977149647e+00,-9.412080271956483557e+00,-3.393097073520348061e+00,-1.508473244815480285e-01,-1.193619747902854300e+00,-5.662904293336428196e-01
-5.140491161160217759e-01,-1.049116010231745943e-01,-1.184076220824464287e-01,-5.023394853992846354e-02,-4.140026859002222892e+00,-7.543466182212700488e+00,-4.675651004286464740e+00,-3.223098790627902943e-01,-1.387617134446438527e+00,-2.195716751699007929e+00
-4.342875202594287387e-01,-1.362914390756296557e-01,-1.453727169723549595e-01,-5.461171984636892240e-02,-4.764901057783553995e+00,-7.074963233620188419e+00,-3.354122080917363746e+00,-2.004009823436514459e-01,-1.117395233771221186e+00,-1.387284973387981069e-01
-5.157693139033885377e-01,-8.797532551682907265e-02,-1.133153235154141791e-01,-2.961120173661219157e-02,-4.640618642863241661e+00,-6.103133471903081642e+00,-8.066671971867123148e-02,-1.522021187641686701e-01,-5.902305907584608491e-01,-2.097012230463711546e+00
-5.486216841428428470e-01,-1.585079862435984366e-01,-1.629628314422630619e-01,-4.407124986979765735e-02,-9.079216864751256111e+00,-1.186662515827658382e+01,-3.954421597127318222e+00,-1.809393868054653964e-01,-1.281977841043509869e+00,-1.873588406917521709e+00
-5.067673515487254310e-01,-1.596114645120536024e-01,-1.605855595680872050e-01,-2.302721292000009523e-02,-9.016564084403132284e+00,-1.189392394075745329e+01,-5.639378716664694480e+00,-8.813856622802429541e-02,-1.584649404127185690e+00,-1.995930651134980138e+00
-4.567107544782349482e-01,-1.697400159989373714e-01,-1.756389968974896854e-01,-3.176136716891853062e-02,-8.653021889695484248e+00,-1.013962847332955519e+01,-2.322374405467318326e+00,-1.617769334729746156e-01,-1.025376478071011732e+00,-2.205069278700833024e-01
-4.424483864814070522e-01,-8.376929273809693988e-02,-8.628526271039446693e-02,-4.550850488607816047e-02,-3.867803235888942481e-01,-2.442311801075316424e+00,-4.683312560527852497e-01,-2.563233964527120712e-01,-6.430108752631529256e-01,-4.494822377582110562e-01
-3.706512907856163164e-01,-1.768402180217818476e-01,-1.837920219329758076e-01,-2.781046110517454428e-02,-9.381245401417146468e+00,-1.108244697815966617e+01,-4.340325244596840548e+00,-3.428630656463482751e-03,-1.364793056374027813e+00,-3.223023089495100635e-01
-4.440731297377195075e-01,-6.181978683597250113e-02,-9.426589702891496891e-02,-7.487408730309530469e-02,-2.079973711006406489e+00,-5.236137471300313706e+00,-1.432732239862552603e+00,-2.529109428403359949e-01,-7.257393262632305664e-01,-2.778948605526975868e+00
-6.063160451085243263e-01,-5.816033861953934236e-02,-8.038660571799000065e-02,-5.592223667136486664e-02,-2.789725561603049186e-01,-2.933682920887278556e+00,-1.267538755440757114e+00,-4.143976372271636066e-01,-6.913377143920254042e-01,-1.642793290953978413e+00
-4.629327141469702367e-01,-7.795496121805856049e-02,-1.060278040758907969e-01,-1.584245213309481981e-02,-3.498192951910017001e+00,-4.479614171986661120e+00,-1.155416651577247933e-01,-8.611914997515768277e-02,-5.856358228174141090e-01,-1.673391204465110249e+00
-3.855465787666169097e-01,-9.365750023366420374e-02,-1.160945765361481308e-01,-7.112721519913478563e-02,-2.846727197036127421e+00,-4.776041380695151162e+00,-4.114678251377661411e-01,-2.147918717373431541e-01,-6.420850636052986005e-01,-9.892488926407416727e-01
-6.058965570210006479e-01,-9.912151599063701024e-02,-1.012489836837697221e-01,-7.482539026853796127e-02,-2.115512568776711788e+00,-5.270558526894941309e+00,-1.451547484275668154e+00,-4.131604836378408585e-01,-7.284065404075423800e-01,-1.043960261600791029e+00
-3.768201658790978348e-01,-1.056313048526706100e-01,-1.274883368939278006e-01,-4.115393651079785053e-02,-5.599568231891197456e+00,-7.276911737743361641e+00,-3.238751023971921938e-01,-1.001029031795663826e-03,-6.259899357393958752e-01,-1.092022515354592826e+00
-4.322445624167060574e-01,-6.193204775033134268e-02,-9.267848382708981925e-02,-5.172893930895200443e-02,-7.940078301605311140e-01,-2.834106682305890246e+00,-1.249730848753706880e+00,-2.377473671951366718e-01,-7.105249919517557800e-01,-1.083920012961888446e+00
-5.995044782198271083e-01,-1.505512825652171871e-01,-1.600838700697317651e-01,-5.534396311296668758e-02,-7.429742225887665086e+00,-1.007036401977719109e+01,-3.383627599012580589e+00,-2.528983706574767787e-01,-1.123418265769794644e+00,-3.912153290659574623e-01
-5.092375498229745334e-01,-9.157947477509845169e-02,-1.146923925706613001e-01,-1.630845982401546435e-02,-3.451034409143026949e+00,-4.321723206733054212e+00,-2.390791073359821439e-03,-1.499886412128117463e-01,-5.735620301445898406e-01,-1.004781895557833593e-01
-4.380604414923335854e-01,-9.116248701666854193e-02,-1.254239944684573116e-01,-5.541035556809997820e-02,-4.937612734476768850e+00,-7.067429159913555026e+00,-1.427461908547435598e+00,-9.343088153613177127e-02,-7.251844956647524043e-01,-1.574195610171072346e+00
-4.750362623409943863e-01,-1.143132104061197474e-01,-1.250687117806138782e-01,-4.359443755400060905e-02,-4.199161270072107044e+00,-6.987855734064417845e+00,-3.861151438337309116e+00,-3.042619173902609830e-01,-1.278512337135278898e+00,-2.152985254924114855e+00
-3.760535015434620654e-01,-1.391330979428507253e-01,-1.465157649770825465e-01,-5.160996258113853541e-02,-5.206390306436777138e+00,-7.336026467746872726e+00,-3.343381295774126016e+00,-1.819728888153577806e-01,-1.181217537447052379e+00,-5.761794742496650912e-01
-4.570864612965093166e-01,-6.052526691126103309e-02,-8.004358719641438413e-02,-5.264259931999476505e-02,-1.809697542361234923e-01,-2.801560556581698336e+00,-1.415197305580456089e+00,-2.655922077527286262e-01,-7.210789243132129656e-01,-1.467152437800264053e+00
-6.000615087390457347e-01,-1.757260113616789521e-01,-1.533772423339236357e-01,-7.476199440841568844e-02,-7.121664254007967543e+00,-1.125496141559781549e+01,-5.320670215271604775e+00,-4.096317693276239069e-01,-1.523402619129155866e+00,-1.042669425624298540e+00
-5.944492322670835716e-01,-7.445539672347448179e-02,-1.021814100975711181e-01,-2.041187477242750736e-02,-3.357851953051522287e+00,-5.024782210364193702e+00,-1.266483994902095844e+00,-1.751420343732945639e-01,-6.962475832514787299e-01,-1.964895411577598949e+00
-3.539180924107061532e-01,-1.355618657894462620e-01,-1.503382570822208997e-01,-3.530126948909484419e-02,-5.802731652753678304e+00,-7.585731236013753431e+00,-3.828006447210526630e+00,-1.386935374509961072e-01,-1.277625909621107780e+00,-8.591556578072303552e-01
-4.745493742235227241e-01,-4.780261359509263563e-02,-8.076186856439979134e-02,-5.566100289746012120e-02,-5.872788413300256138e-01,-3.294650438430103634e+00,-1.476533283632136317e+00,-2.803676687271137169e-01,-7.340518437377685501e-01,-2.342589556552811203e+00
-4.332821278716343372e-01,-1.432558439597249877e-01,-1.501872924200319814e-01,-5.809429420723616344e-02,-5.681303110464305917e+00,-8.523933374246666972e+00,-4.626050339246919663e+00,-2.343986276489511411e-01,-1.378475879885977307e+00,-5.839818037632493741e-01
-5.836264257226714269e-01,-1.373681644953165804e-01,-1.422761697155714433e-01,-2.003333787762845430e-02,-6.674615399205507060e+00,-9.015468456606093639e+00,-3.813853702500416887e+00,-1.578410477346641194e-01,-1.213943854722559834e+00,-3.450207581679123336e-01
-6.056912714429896205e-01,-1.280528323897531795e-01,-1.501671920174389441e-01,-5.866438207744611999e-02,-6.119130623468080898e+00,-8.976960592448005372e+00,-4.969739848823451212e+00,-4.110317947817430095e-01,-1.447941948749875252e+00,-9.706392140579396255e-01
-5.928352621955044199e-01,-1.076414945934789924e-01,-1.267780967359394273e-01,-4.591793161967122616e-02,-5.398564525469932818e+00,-7.701993420395087497e+00,-1.250217770702242603e+00,-1.719668117253547734e-01,-6.882763562214204711e-01,-4.851037502611106333e-01
-3.703745068726390643e-01,-1.615096602978640106e-01,-1.745730534627956965e-01,-4.535225280733728992e-02,-9.110687759778809180e+00,-1.106736004588583810e+01,-3.505276571618775705e+00,-3.057353033068643811e-02,-1.211359280171354413e+00,-8.777910545871066006e-01
-5.264983461610568405e-01,-1.232942725932830719e-01,-1.307011755175878642e-01,-4.970675617572661853e-02,-5.320471557416560415e+00,-8.954865897298997623e+00,-5.616753752501018937e+00,-3.348520792561533455e-01,-1.581088796838892918e+00,-2.196535623205502219e+00
-4.231816697978920683e-01,-9.685700524052723304e-02,-9.979629625017633066e-02,-7.379196552829267453e-02,-2.054795330233222472e+00,-4.990280715932140509e+00,-9.646260036187612741e-01,-2.340166875057900775e-01,-6.764597558382625664e-01,-1.070084104605832920e+00
-4.384923117901847744e-01,-9.131500586413535125e-02,-1.109480283659317335e-01,-1.624879947853136164e-02,-3.550130043288795889e+00,-4.784939247411742258e+00,-4.186676264526134617e-01,-4.633068181994692836e-02,-6.253990042730830368e-01,-2.367238964223385977e-01
-5.160384030792900534e-01,-1.476085466237836707e-01,-1.537317477414327782e-01,-5.356354360922643831e-02,-5.671779717993590708e+00,-7.840000499660455091e+00,-3.751620056004039583e+00,-3.462531288843271327e-01,-1.256414646824216774e+00,-4.855796632593616380e-01
-4.583554963196044829e-01,-1.229496811729799965e-01,-1.312589023614189887e-01,-4.805350661088314546e-02,-5.410886198789832235e+00,-8.905812624339752404e+00,-5.367406982081835309e+00,-2.472164810341133112e-01,-1.530610300542717184e+00,-2.142208204874874511e+00
-4.739368491242214043e-01,-9.777218702969547870e-02,-9.988374087916163102e-02,-7.280984391875677808e-02,-1.994646681489616213e+00,-5.041046263484275869e+00,-1.314693232261895162e+00,-2.827141730131743635e-01,-7.169217642355665276e-01,-1.005380256112148984e+00
-4.666017804705322458e-01,-1.413539574257346165e-01,-1.477739471292713880e-01,-7.153415557264075630e-02,-7.203361138889803783e+00,-1.138009870954146763e+01,-5.680419723265927701e+00,-2.752190912448946314e-01,-1.592995243013689333e+00,-2.693770217253925736e+00
-4.319336211781306112e-01,-7.938032612866458004e-02,-8.315739698300997351e-02,-4.242194412752603450e-02,-6.682212933264608523e-02,-1.952187189481964680e+00,-1.123257232794081517e-01,-2.475929939010841352e-01,-5.927837565676945530e-01,-4.174291809368835260e-01
-4.683025351984276829e-01,-1.756788345670461937e-01,-1.773478573948967796e-01,-1.863602197723790432e-02,-9.321689163222103502e+00,-1.168932188791492521e+01,-5.516587490804671035e+00,-3.292451505208227047e-02,-1.560262333281581704e+00,-1.593776642472555238e-02
-4.397768336669272138e-01,-1.777921180350046648e-01,-1.864737676583649306e-01,-2.669889106581507798e-02,-9.522452096483824846e+00,-1.106823775793748865e+01,-4.276597197607969747e+00,-7.586748479480931451e-02,-1.353611672533254762e+00,-2.100437814969104977e-01
-6.064366782956657209e-01,-1.437432044047888269e-01,-1.500109589983607550e-01,-7.476714616319696249e-02,-7.460686310623056983e+00,-1.171758963509278928e+01,-5.672447951787734866e+00,-4.145949179429258002e-01,-1.591414974401534010e+00,-2.777993142953636863e+00
-5.085423157369448610e-01,-1.890726974894989532e-01,-1.833626430059675239e-01,-4.381146426904564128e-02,-1.086726154466452599e+01,-1.415530375774487126e+01,-5.357594202240065329e+00,-7.755746703533539232e-02,-1.530551159022886409e+00,-4.369762890157851132e-01
-4.130239882129214113e-01,-1.027374868464930036e-01,-1.181512877378495530e-01,-4.792527104366650637e-02,-4.381898427959995956e+00,-6.301625492341180745e+00,-1.502394670513282904e-01,-8.361860392846143242e-02,-5.858192451796409017e-01,-5.773470549337833546e-01
-5.138138176369201338e-01,-1.741324848236427414e-01,-1.861030563539277649e-01,-2.445681712166225541e-02,-9.530515183983684580e+00,-1.088559070575753651e+01,-3.944203230248099601e+00,-1.372748276827273628e-01,-1.291912818828508946e+00,-1.124749590201687965e-01
-5.986101021904280950e-01,-1.733843289367669183e-01,-1.749489871262294438e-01,-4.832741659943406987e-02,-1.055772062361906549e+01,-1.399375046459238803e+01,-5.504672817557771936e+00,-1.963332803193460485e-01,-1.557117234833121699e+00,-2.204883145987400539e+00
-4.451056557043223671e-01,-9.382032434298440138e-02,-9.592333074099385071e-02,-6.933988949497243981e-02,-1.633629451690993051e+00,-4.214952670666622936e+00,-2.680843280122395811e-01,-2.737708943073871026e-01,-6.012937296792291164e-01,-9.507959020813281370e-01
-4.782839890289977136e-01,-1.477611948970254108e-01,-1.528264793193643833e-01,-7.236153552808871625e-02,-7.793295459044493612e+00,-1.197806548050485631e+01,-5.664320331935105202e+00,-2.665528141509279081e-01,-1.590238602743601959e+00,-2.702416138538161761e+00
-5.067673515487254310e-01,-1.705995266433378565e-01,-1.834364021271880918e-01,-2.302721292000009523e-02,-9.874426674778760571e+00,-1.184867812836194645e+01,-5.609880043997009125e+00,-8.813856622802429541e-02,-1.578619015051732077e+00,-4.061740093530001872e-01
-4.894313938398161534e-01,-1.211399399113622100e-01,-1.296944403045178773e-01,-4.415242780913508636e-02,-4.334241454837616914e+00,-7.081983541446632557e+00,-3.806625915744120903e+00,-3.471070999759144904e-01,-1.274288984796450919e+00,-2.148856735937203055e+00
-5.486216841428428470e-01,-1.580315179543038684e-01,-1.727696601313281621e-01,-3.035420311841047214e-02,-8.735164182679884703e+00,-1.038667065190441008e+01,-3.955737183164295345e+00,-1.809393868054653964e-01,-1.282228970109391852e+00,-5.268575468590093180e-01
-4.051404691021870397e-01,-8.161672417740972740e-02,-9.534838240379553409e-02,-4.463818223133736440e-02,-2.731535675879932512e-01,-1.610714292032735528e+00,-4.916403976272221144e-02,-2.208867056790637662e-01,-5.651303449802522749e-01,-7.021033271999144176e-02
-6.049355434858584291e-01,-9.759035208613034418e-02,-1.005561276491154232e-01,-7.347623276396730851e-02,-2.084203653621806041e+00,-5.168259189122277775e+00,-1.311422341998362384e+00,-4.034217726731634812e-01,-7.019040778585203810e-01,-9.951108471359937369e-01
-3.969992197999451244e-01,-7.861752181931852546e-02,-1.042948326975695894e-01,-1.603057712412486735e-02,-3.548042531766640195e+00,-4.759521144506315693e+00,-3.335876818198286742e-01,-6.782068323917034292e-03,-6.186618450584635553e-01,-2.004250791290964173e+00
-5.514266386131084774e-01,-1.678254597203548415e-01,-1.680682975070698915e-01,-1.974957110630437551e-02,-8.375646592635536791e+00,-1.053747346641587512e+01,-4.680679192641768793e+00,-1.582254599468333467e-01,-1.414798426378455432e+00,-1.133077824717467763e-01
-4.007245935923396951e-01,-7.967988305641302005e-02,-9.102435434585953722e-02,-3.279812589837277637e-02,-1.181290586943735121e+00,-2.802614746411901336e+00,-9.893370283598557080e-02,-1.335376036844349024e-01,-5.766792268055134230e-01,-3.983055518070504064e-01
-5.989153868360672650e-01,-1.717155802105918005e-01,-1.843405836767986195e-01,-3.344423447828259732e-02,-1.005230458368859203e+01,-1.234246395295842547e+01,-5.637328513977188038e+00,-2.063384895479889458e-01,-1.584271472080970966e+00,-6.140615316666711010e-01
-6.023500547261873006e-01,-9.862105981625199358e-02,-1.054539906467441834e-01,-6.807556817282728323e-02,-2.715681273882204039e+00,-5.639590658434936898e+00,-1.272853882227963140e+00,-3.560505101895152791e-01,-6.918998189431757595e-01,-9.123628411426505380e-01
-5.062307762864511895e-01,-1.680398406013345336e-01,-1.800028260004232217e-01,-2.652527521954728407e-02,-8.970351698815264285e+00,-1.038866140679088090e+01,-3.751620056004039583e+00,-1.446308565904237398e-01,-1.256414646824216774e+00,-1.901139208857021146e-01
-5.921299666050574562e-01,-9.292016050294482632e-02,-1.193988818886992098e-01,-4.331711277653965686e-02,-5.314474048716856913e+00,-7.515378897053754059e+00,-1.147584662661678578e+00,-1.674124233912199777e-01,-6.749159668588546879e-01,-2.130516905468006428e+00
-4.303560873188712055e-01,-1.683277941633966879e-01,-1.641776388254433672e-01,-1.660675537849648498e-02,-8.253244104986379170e+00,-1.046655112921588682e+01,-4.479968107480232220e+00,-4.006966434763148399e-02,-1.387144721395332070e+00,-2.389694732157199297e-01
-5.286424686272928053e-01,-1.018634275557303015e-01,-1.193958388706602702e-01,-3.989613675655656611e-02,-4.635000984105680288e+00,-6.389022289287144218e+00,-1.647575038258786151e-01,-1.754426926102854445e-01,-5.866219438766524519e-01,-4.598788092817045481e-01
-4.051404691021870397e-01,-9.238611699707577340e-02,-9.624270005329513267e-02,-6.896336262403574002e-02,-1.735376279672887989e+00,-4.238538984869698822e+00,-4.916403976272221144e-02,-2.208867056790637662e-01,-5.651303449802522749e-01,-9.453272222438684480e-01
-5.972606183030296778e-01,-9.713770377740707507e-02,-1.230012223716517583e-01,-4.381548918349731370e-02,-5.726099478175925128e+00,-7.992097199054825296e+00,-1.314010132527005936e+00,-1.592097595277981448e-01,-7.002935122963389603e-01,-2.178238107269534041e+00
-5.014788519447717086e-01,-1.736337172884503954e-01,-1.670178587387875224e-01,-2.302735632155095136e-02,-8.999240913569312994e+00,-1.187287366538821942e+01,-5.625526957051373955e+00,-8.288742724018050012e-02,-1.581835348764240479e+00,-2.978302554230864985e-01
-4.005382587184140863e-01,-8.758086696384942416e-02,-1.108261877855481747e-01,-1.514362518559586590e-02,-3.381130032374954908e+00,-4.368386260386539988e+00,-1.969249889911850460e-02,-6.751255948637790993e-03,-5.613846815643359633e-01,-1.637946880094034441e-01
-4.419581153968037412e-01,-1.659238098437317288e-01,-1.772886126306526255e-01,-1.848501973253025010e-02,-8.557537063882676875e+00,-9.812354382279750098e+00,-3.894007077697150265e+00,-7.205037290283433649e-02,-1.283144151165943825e+00,-1.205754071297118202e-01
-3.917712542071055681e-01,-1.386687738741510523e-01,-1.468507947582452788e-01,-6.972578325671502375e-02,-6.723106085727902581e+00,-1.025315806846306899e+01,-4.318220009270053339e+00,-2.148447572258458393e-01,-1.361322126160505519e+00,-2.758221044250431575e+00
-5.106554369688032224e-01,-1.603543685776477046e-01,-1.745504977472592534e-01,-1.550863297958787745e-02,-8.349850862055721024e+00,-9.418514208330741155e+00,-3.636177516672006504e+00,-1.360597407774855050e-01,-1.235082217489013701e+00,-8.967749388401102806e-02
-5.245862676799961655e-01,-4.180771294763085955e-02,-7.638573683273530701e-02,-5.486429222085170698e-02,-1.436690261066999597e-01,-2.774350567962535763e+00,-1.243908021494494420e+00,-3.330131409663326103e-01,-6.860286079952100380e-01,-2.321490170432856104e+00
-3.983668803640685319e-01,-6.683127169669150769e-02,-1.048128601370192925e-01,-6.886931797441925296e-02,-2.549978172829664658e+00,-4.462617453393637135e+00,-6.741067822402868615e-02,-2.164570798149605402e-01,-5.805794569696161034e-01,-1.685536636116117037e+00
-4.480016410429027429e-01,-9.628077568154441712e-02,-1.019217868805981086e-01,-7.427473649140731160e-02,-2.266449782354200693e+00,-5.410838876650213791e+00,-1.497586834763197317e+00,-2.518221027528082523e-01,-7.399061131355022525e-01,-1.236448881310700187e+00
-3.846623824208795783e-01,-1.675730495837528533e-01,-1.634457742724736984e-01,-1.582760240982072908e-02,-8.043805206495306948e+00,-1.014865239229786198e+01,-4.244599678867025716e+00,-4.041819266023871648e-03,-1.347669117452294785e+00,-2.425110800990797344e-01
-3.751285141313457361e-01,-1.165338397392804703e-01,-1.274224294405124636e-01,-4.020794597483501320e-02,-4.011189347372248193e+00,-6.600196163965478036e+00,-3.585175706889703662e+00,-2.190665440370738182e-01,-1.236573298358731421e+00,-2.199979136274231806e+00
-4.346694715346222093e-01,-1.682772152999658377e-01,-1.618856390451630656e-01,-2.172198109990025605e-02,-8.290284120342011676e+00,-1.093937382523546020e+01,-5.156698198276949086e+00,-3.752597134079227459e-02,-1.499187162439364229e+00,-2.496238375180777069e-01
-4.915127163936533483e-01,-1.139946823587429381e-01,-1.255367214528514963e-01,-4.500456604088276524e-02,-4.317643274223307515e+00,-7.134427864446628575e+00,-3.826952894218813128e+00,-3.193180624561593461e-01,-1.271684316692978101e+00,-2.221834218473537348e+00
-5.077026090874616759e-01,-1.631095210191206568e-01,-1.760444349454860224e-01,-1.705387431005944698e-02,-8.420380807556071545e+00,-9.574796729508001647e+00,-3.751620056004039583e+00,-1.389576632592453009e-01,-1.256414646824216774e+00,-7.187653211224898087e-02
-5.332957252470261755e-01,-1.338710060161624471e-01,-1.428507105903122631e-01,-6.876334267651607046e-02,-6.299648730366172344e+00,-9.805954345514063419e+00,-4.262531551578359057e+00,-3.772340332436106003e-01,-1.350166560389434167e+00,-2.717621484344885374e+00
-4.438455264837554148e-01,-1.698597351989763193e-01,-1.654682281450194081e-01,-1.616376175589123720e-02,-8.394807352448541593e+00,-1.061962158969606662e+01,-4.559091843579601289e+00,-5.154713390571785681e-02,-1.401988545153177057e+00,-2.518047307004458446e-01
-4.905461051649682158e-01,-1.402809093023701659e-01,-1.488979971729976759e-01,-6.384540944871219814e-02,-6.809311358291964211e+00,-1.001342290320679851e+01,-3.897630059745214481e+00,-3.195159072113535892e-01,-1.289795303766135603e+00,-2.652784356498678164e+00
-5.006731473984062930e-01,-1.611068398394129575e-01,-1.381205621232307612e-01,-4.989289305812427688e-02,-5.404988072773416974e+00,-9.055854271660962240e+00,-5.672447951787734866e+00,-3.082062917792987022e-01,-1.591414974401534010e+00,-4.653020682948767472e-01
-4.264126286673871613e-01,-1.440349415869634775e-01,-1.502868694333256427e-01,-7.498152818201458958e-02,-7.487379596065693477e+00,-1.174952405951510315e+01,-5.678493063040363609e+00,-2.351763239214808010e-01,-1.592602909227787578e+00,-2.779769317487126301e+00
-4.005382587184140863e-01,-1.717887539579766587e-01,-1.698398662709515450e-01,-1.733072919876699203e-02,-8.605795067987930480e+00,-1.067391761134765815e+01,-4.377577324364299471e+00,-6.751255948637790993e-03,-1.370299397681847609e+00,-1.784356422906938633e-01
-5.111550905589183902e-01,-5.546035083270844934e-02,-8.904801467620815369e-02,-7.072115506839882215e-02,-1.628689168736716653e+00,-4.176309280215967590e+00,-8.829025207480256654e-02,-3.497232387295414746e-01,-5.744070648884420649e-01,-2.709083169764276988e+00
-5.106026509864651786e-01,-1.693064260427665502e-01,-1.816381672903059075e-01,-2.482984575991215026e-02,-9.177188025402909233e+00,-1.054847470260898490e+01,-3.751620056004039583e+00,-1.375034662386340756e-01,-1.256414646824216774e+00,-1.724575344189496207e-01
-4.031945149114951610e-01,-6.022420204811634870e-02,-8.427874589446909814e-02,-4.687721803112721020e-02,-5.702962553365509280e-01,-2.553180609804883261e+00,-3.676909675394099963e-01,-2.170254373974649376e-01,-6.325417851311154749e-01,-1.646735993243442664e+00
-4.056747177850001940e-01,-1.606907022818189756e-01,-1.505696239685455073e-01,-4.643740816725766551e-02,-5.131033717066362243e+00,-7.554523437599645064e+00,-4.431258126309774781e+00,-2.342979135391081158e-01,-1.379928828588960599e+00,-1.746982575155229256e-01
-4.666906182323160568e-01,-1.540865788041672346e-01,-1.602609827620897764e-01,-1.247491304316017402e-02,-8.045214482974145653e+00,-9.667280432256251999e+00,-3.642868533394597819e+00,-1.058770149294914198e-01,-1.244533393808211486e+00,-1.625240335972133465e+00
-5.132036288047695516e-01,-1.684068325695730062e-01,-1.568453231931588310e-01,-4.768043518217596199e-02,-6.098608532848945885e+00,-9.080189100496191656e+00,-5.616472159869026370e+00,-3.078002780493624968e-01,-1.580698235955953379e+00,-7.021033271999144176e-02
-5.767087075025467691e-01,-4.300592819908521935e-02,-7.793737243741211129e-02,-4.902648611370213905e-02,-2.793539234428266127e-02,-2.397646152944833631e+00,-1.334800955636200825e+00,-3.818929447763146356e-01,-7.070220210582043308e-01,-1.906420570003410475e+00
-6.004522472413339473e-01,-1.558567007634185098e-01,-1.345536849250453248e-01,-4.988053351007898373e-02,-5.028965704901342093e+00,-8.567042301043876762e+00,-5.320670215271604775e+00,-4.100241440417540240e-01,-1.523402619129155866e+00,-4.722132894555368665e-01
-4.403986238758132998e-01,-1.038988993899490343e-01,-1.244685754199277294e-01,-3.992860577560725099e-02,-5.325998215234452715e+00,-7.022179470409593449e+00,-5.264557405340042351e-04,-5.039255592637870151e-02,-5.578270624482613016e-01,-4.217520260639098240e-01
-4.264080051740615218e-01,-9.731108519991502059e-02,-1.006074292522380897e-01,-7.496595732639305121e-02,-1.987023312252695462e+00,-5.082171275445240610e+00,-1.331060564943939539e+00,-2.350487067018089959e-01,-7.037785024015672519e-01,-1.021182688121493598e+00
-4.366353101696557326e-01,-1.176817970633487476e-01,-1.282342327771432144e-01,-4.167608934028582679e-02,-4.140020265382730713e+00,-6.796089348176334255e+00,-3.699960618607573082e+00,-2.893365475294453759e-01,-1.256174875313838868e+00,-2.214520782681718813e+00
-4.582222214036255625e-01,-1.684701367865212573e-01,-1.567523520946567661e-01,-4.730402896865298912e-02,-6.128607863145667523e+00,-9.111084793040667762e+00,-5.609300591076429754e+00,-2.502223945974746400e-01,-1.579786773595424521e+00,-7.790290967798441102e-02
-3.972173599181584303e-01,-8.638333725722596723e-02,-1.085938838264079165e-01,-1.507774117514748546e-02,-3.289850406782914405e+00,-4.345456516980735984e+00,-2.672798102736351211e-04,-3.047033875980265094e-03,-5.580997128438980326e-01,-2.055408617827527706e-01
-4.461407700507203922e-01,-1.320302139144938491e-01,-1.427263890280804914e-01,-3.370926510984156854e-02,-5.357645045003547324e+00,-7.429351870071492669e+00,-3.383627599012580589e+00,-1.119490732869792282e-01,-1.123418265769794644e+00,-5.590545239450683823e-02
-4.448833597798637074e-01,-8.906527689758000910e-02,-1.165604810338363717e-01,-4.669808897289490224e-02,-4.974035531333285576e+00,-7.303023990624172512e+00,-1.229766543967009795e+00,-4.162362365998273361e-02,-6.834139055888925895e-01,-2.262562821426277182e+00
-4.019107076161748671e-01,-1.575178030134813112e-01,-1.379618051755618080e-01,-4.539765923825755944e-02,-4.596029991720694596e+00,-7.433486785936175067e+00,-4.291029549785253749e+00,-2.299196201131628037e-01,-1.355909723835235781e+00,-3.646679906756062906e-01
-5.256271922556112752e-01,-8.177249761017063578e-02,-1.067027900233886439e-01,-2.345811533245478753e-02,-3.777910546379036560e+00,-5.663302142435117759e+00,-1.682960399341325797e+00,-1.161853835962616266e-01,-7.773268827840116302e-01,-1.951106135234645933e+00
-3.951622165595917169e-01,-1.677581593780253233e-01,-1.648589498873568870e-01,-1.482822225055135945e-02,-8.229818995382444768e+00,-1.030241292943731679e+01,-4.270517809465584236e+00,-2.614065359650918907e-03,-1.351285628551456952e+00,-2.182210568727889211e-01
-5.974060869722765954e-01,-1.805782700669393837e-01,-1.804845409115448662e-01,-4.402046007746757139e-02,-1.120087080393252421e+01,-1.454022378706167373e+01,-5.595658196763174885e+00,-1.609910695502718703e-01,-1.575667349898244751e+00,-2.091838497678111253e+00
-3.987450806688361826e-01,-1.686560742465662288e-01,-1.658955832209514369e-01,-1.531374846423400049e-02,-8.346691011164768526e+00,-1.044842182249853124e+01,-4.393724304670421077e+00,-3.802686162421409222e-03,-1.372802527510048165e+00,-2.668088011808116278e-01
-5.987873132176715352e-01,-4.536378778940436396e-02,-8.081344336813006679e-02,-4.823991113179798562e-02,-3.251814211714965097e-01,-2.637532743312238637e+00,-1.323897686002624141e+00,-3.890997875201969158e-01,-7.023135226685202070e-01,-1.875326534607292928e+00
-4.369270498597771502e-01,-1.799096898156836155e-01,-1.770722237214656380e-01,-3.750164731484179059e-02,-9.910428780076138366e+00,-1.250749137986908366e+01,-4.082739310517464304e+00,-4.971330448800248547e-02,-1.316991185350461890e+00,-5.262801332908093599e-01
-4.336040399180731697e-01,-5.983319757332983269e-02,-9.162785616656582421e-02,-7.387212993473260547e-02,-1.784501197188728128e+00,-4.861103819965855166e+00,-1.239516796504339879e+00,-2.430246057921214842e-01,-6.898182673319137592e-01,-2.662273568389991851e+00
-4.849179002811995209e-01,-1.501108829843761650e-01,-1.332643285780579223e-01,-4.405707189678226277e-02,-4.395860385182494667e+00,-7.202276750471202860e+00,-4.014186205913578220e+00,-3.054529941234314094e-01,-1.302931434743376471e+00,-4.183693551810616640e-01
-5.963571321107608014e-01,-8.931179235235997549e-02,-1.121283203442376419e-01,-1.901023025663667321e-02,-3.652276839166926692e+00,-5.226649049681736159e+00,-1.237734931234669489e+00,-1.584737546597172475e-01,-6.864595458209592493e-01,-2.272913183400238069e-01
-4.507330052713693913e-01,-1.608030438352858471e-01,-1.388027707539324640e-01,-4.949289993854194547e-02,-5.387303138097831123e+00,-8.987238318071277376e+00,-5.672447951787734866e+00,-2.594314460571802705e-01,-1.591414974401534010e+00,-4.440824156849920712e-01
-6.033601228534277716e-01,-1.590684693270449368e-01,-1.429609699827998903e-01,-4.143984554453755687e-02,-6.073866745270773748e+00,-9.414980500180327283e+00,-5.449771653553284523e+00,-3.474642118452302419e-01,-1.545850092312054613e+00,-4.418173507651932397e-01
-4.431589748165125631e-01,-9.025854749617778783e-02,-9.495610917608865442e-02,-7.003733310609866480e-02,-1.655042696474176012e+00,-4.186277268534194462e+00,-5.264557405340042351e-04,-2.675772020146585106e-01,-5.578270624482613016e-01,-1.049806993438801683e+00
-5.284795936877445532e-01,-7.851834890637715558e-02,-8.904856045969655742e-02,-4.932396936084143535e-02,-1.393158815082387036e-01,-2.309709441792048068e+00,-1.199584375667107849e+00,-3.322079732960681042e-01,-6.827560054414139046e-01,-3.125375330477382363e-01
-4.276657756606550009e-01,-1.815333605525316918e-01,-1.773050234780270962e-01,-3.881657245390218725e-02,-9.839774623600700210e+00,-1.248244979397772880e+01,-4.145143300513904450e+00,-4.837479597780713902e-02,-1.328513438753491371e+00,-4.285447770158725689e-01
-4.925285282398266240e-01,-1.313978339465538270e-01,-1.375263226767243219e-01,-4.464575938855247506e-02,-6.153968217202919533e+00,-9.650725981346138127e+00,-5.653958243910228276e+00,-2.536893660388983562e-01,-1.587701739666286471e+00,-2.162305535885209906e+00
-3.972173599181584303e-01,-1.689173975565628205e-01,-1.652005600614780689e-01,-1.507774117514748546e-02,-8.334942057382757952e+00,-1.047776401669413104e+01,-4.404814786523150616e+00,-3.047033875980265094e-03,-1.375417342823496369e+00,-2.831621557660941590e-01
-6.004714334863223701e-01,-4.779986697677773844e-02,-7.898889154604207818e-02,-5.007247604333125990e-02,-3.144982361842281193e-01,-2.896603177278507246e+00,-1.594128920740502053e+00,-4.110468249987868639e-01,-7.678213876769017787e-01,-2.156705062776286042e+00
-3.962548010491220296e-01,-1.692094668198595997e-01,-1.661125369584001144e-01,-1.544445042141401325e-02,-8.306897167676513760e+00,-1.038953425465182079e+01,-4.335464934058805397e+00,-5.753709410559970650e-03,-1.363179590949368247e+00,-2.093708735423334133e-01
-5.141032310249904480e-01,-1.492370453671526542e-01,-1.623802306090340042e-01,-1.559677051861868557e-02,-7.987774407760486639e+00,-9.319912291346977185e+00,-3.600779312364785767e+00,-1.338736683728618537e-01,-1.225937893825411962e+00,-8.390161551829713460e-01
-4.252456849822418006e-01,-1.605629558853524375e-01,-1.377430870886609537e-01,-5.006704778527742983e-02,-5.378273512713050764e+00,-9.029003952399573762e+00,-5.648988694643740871e+00,-2.342058689487767076e-01,-1.587585925958153510e+00,-4.939909210380299953e-01
-4.962572776042005751e-01,-1.824435062069565960e-01,-1.861083133262027012e-01,-4.260782252179234897e-02,-1.116611198541557926e+01,-1.386877257969914723e+01,-4.976391944122386946e+00,-8.704571752372203264e-02,-1.473193791692985144e+00,-1.606377322421863596e+00
-4.055699905523356685e-01,-1.651912796240230796e-01,-1.526805299165536478e-01,-4.706710103343586526e-02,-5.278387304850728157e+00,-7.720023761996369416e+00,-4.449986739779937750e+00,-2.316689530361535354e-01,-1.383411192398178002e+00,-1.016856225180333695e-01
-5.752366617287043571e-01,-1.106298429204937150e-01,-1.300976607463643075e-01,-4.414821574506844204e-02,-5.751224854207841020e+00,-7.923007176808372520e+00,-1.176497793965090466e+00,-1.538834863070541736e-01,-6.977020483524878358e-01,-4.851448720034934325e-01
-3.588215023544535365e-01,-1.637740057687641637e-01,-1.508585924799492883e-01,-4.674041324940358955e-02,-5.144882309031572731e+00,-7.602085176473178052e+00,-4.407798587773413601e+00,-1.841025283620325581e-01,-1.376531416439583211e+00,-1.391553443235711285e-01
-5.494674526962000094e-01,-1.322429085674758364e-01,-1.396310060019765875e-01,-7.373028882314633381e-02,-6.290291213941390680e+00,-1.017998000165350803e+01,-4.634452663250414162e+00,-3.653581980990967537e-01,-1.393577400354711671e+00,-2.542500022275184790e+00
-4.400467877643478021e-01,-1.809721307262811829e-01,-1.565702931487774896e-01,-7.476714616319696249e-02,-7.460686310623056983e+00,-1.171758963509278928e+01,-5.672447951787734866e+00,-2.487823035064002930e-01,-1.591414974401534010e+00,-1.035907835907330821e+00
-5.642046445718587044e-01,-1.300273355465890457e-01,-1.409835890212756127e-01,-7.330584557145330971e-02,-6.638425138755081889e+00,-1.064086472754588542e+01,-4.852677039652917301e+00,-3.592932995438657962e-01,-1.423834211214758838e+00,-2.751828397193804676e+00
-5.320105982472513872e-01,-1.708748024421019585e-01,-1.493389894522291483e-01,-6.871035351216392417e-02,-6.294829517018484921e+00,-9.798916445176605095e+00,-4.259985691241528372e+00,-3.759000821375835244e-01,-1.349738124477640966e+00,-9.821802321944943515e-01
-3.740160485581703886e-01,-1.135047142372209994e-01,-1.251525294516176445e-01,-4.553075024513769664e-02,-4.106877337407397022e+00,-6.826738115227524162e+00,-3.506680028628274215e+00,-2.043083852256066812e-01,-1.219511255871870148e+00,-2.213054394475015840e+00
-4.273745690238853756e-01,-1.793880319133275836e-01,-1.566269649737752623e-01,-7.357006716647651601e-02,-7.501882282698339566e+00,-1.172813730348429928e+01,-5.679693612090584764e+00,-2.310872191678177145e-01,-1.592848359225664368e+00,-1.083325172661664837e+00
-5.064399458429273970e-01,-7.436599705168772667e-02,-9.870387590803536559e-02,-7.494451674447438760e-02,-2.193012552591110165e+00,-5.282074888579575855e+00,-1.464961583049664284e+00,-3.149166272286323398e-01,-7.311500977228604370e-01,-2.150148005111770289e+00
-4.419143677090674460e-01,-9.533282830909775574e-02,-1.205124555391386132e-01,-3.992860577560725099e-02,-5.538945320753462909e+00,-7.278577925792834691e+00,-1.846271215612880212e-01,-5.205607335814610437e-02,-5.920000027148830668e-01,-2.107718370390770701e+00
-5.413169655519044499e-01,-1.325535127931878054e-01,-1.425644619654546363e-01,-7.221025392910068730e-02,-6.382929632444646728e+00,-9.968073183659068803e+00,-4.198721297963142973e+00,-3.813365011145686267e-01,-1.335627311897074065e+00,-2.769360998616786418e+00
-6.064366782956657209e-01,-1.813689829117887953e-01,-1.566359646714635956e-01,-7.476714616319696249e-02,-7.460535620072885621e+00,-1.171758963509278928e+01,-5.672447951787734866e+00,-4.145949179429258002e-01,-1.591414974401534010e+00,-1.017340096809457251e+00
-3.961713839537460702e-01,-8.870790983691417830e-02,-1.138666072113565519e-01,-1.502096871361202624e-02,-3.479382265493853765e+00,-4.339419800631326041e+00,-1.608346303072494266e-04,-1.899424986465891863e-03,-5.580888483887438412e-01,-9.129483801397775267e-02
-5.068308122349759470e-01,-1.731502266265763645e-01,-1.664801633981347895e-01,-2.220539910314334175e-02,-8.938594047411001497e+00,-1.179645799173550813e+01,-5.639378716664694480e+00,-8.854099521694491770e-02,-1.584649404127185690e+00,-2.939839768240126716e-01
-5.068303547861628955e-01,-8.480076517524057222e-02,-1.203108907828490670e-01,-1.599712485820686814e-02,-4.135854354193885030e+00,-4.438983820887347775e+00,-3.890654654155412118e-02,-1.273673649389062135e-01,-5.668742053185926721e-01,-5.286682750624827065e-01
-3.966708344480026627e-01,-1.668260794351412168e-01,-1.632148766282983943e-01,-1.683027470163611650e-02,-8.002814663421862207e+00,-1.011571294234625640e+01,-4.267896030923683526e+00,-1.681318741630022373e-02,-1.350443744707124694e+00,-2.201235958994676167e-01
-5.584530742768628597e-01,-9.063010356230291609e-02,-1.192491651174586997e-01,-4.172341889862568598e-02,-5.068644928157912233e+00,-7.045352461986141179e+00,-1.041207884243821269e+00,-1.510766731987245315e-01,-6.687258047467157240e-01,-1.951096305056223557e+00
-4.598763682482256421e-01,-1.723292802761986209e-01,-1.678237756112505030e-01,-2.047195220795267057e-02,-9.051644658551577294e+00,-1.179678101951266811e+01,-5.506218324853762169e+00,-2.684857678880980814e-02,-1.557719084010690480e+00,-2.215586175545336545e-01
-5.328512286512807616e-01,-1.198451402147703571e-01,-1.291790129119950725e-01,-4.441366988748596256e-02,-4.696960688906838044e+00,-7.602672628473591487e+00,-4.256603582208008163e+00,-3.527117151239771431e-01,-1.346535443759856676e+00,-2.096008057453415674e+00
-4.051481459756460790e-01,-9.172450532621051478e-02,-9.550014317398511365e-02,-6.873096282637142229e-02,-1.690653293048971051e+00,-4.203227984571405784e+00,-4.184902780308874526e-02,-2.208951166164947466e-01,-5.637702051624913224e-01,-9.571756669443587384e-01
-3.935355325165450502e-01,-1.572425762135621352e-01,-1.596100588907722606e-01,-1.706940219121533264e-02,-8.427521987312058371e+00,-1.057790524390970077e+01,-4.286403880430619040e+00,-1.340172280821949613e-03,-1.354434446250314394e+00,-1.987858576688033452e+00
-5.911653158509611039e-01,-1.738147504687334588e-01,-1.671580674855921156e-01,-2.302728098713369143e-02,-9.016413747015633362e+00,-1.189365182002951471e+01,-5.639141045305230193e+00,-1.722533251762916606e-01,-1.584609127706753995e+00,-3.071959118847651382e-01
-4.262186575332232996e-01,-8.473723287160991879e-02,-1.153259993534212213e-01,-1.509151340015257858e-02,-4.043646217948797528e+00,-4.697810968196254322e+00,-2.084999412611203695e-01,-4.243742058106292347e-02,-6.052125526984593051e-01,-1.138500789371866162e+00
-5.975310832789975102e-01,-9.838748281721587663e-02,-1.237300849063170394e-01,-4.477516294590516699e-02,-5.762767585945695714e+00,-8.090522366410375810e+00,-1.464522587477507187e+00,-1.688091315007742566e-01,-7.312021131165344912e-01,-2.212662525238561884e+00
-3.965279471607050521e-01,-7.420952190521973302e-02,-1.023404133770470514e-01,-1.628156483475157179e-02,-3.229117707675705162e+00,-4.280992156110631441e+00,-3.485711439098793107e-02,-1.083203151117917429e-02,-5.645271107202329830e-01,-1.763692592566187045e+00
-3.932154142639306960e-01,-1.510127389714859825e-01,-1.324783807723304008e-01,-4.337468935855565144e-02,-4.269039193014450007e+00,-7.057814138008211557e+00,-3.909258075566086177e+00,-2.125725231910782220e-01,-1.287459248392753608e+00,-4.173556486771055063e-01
-5.935820241484632831e-01,-8.831655592564127688e-02,-1.098122471228414887e-01,-1.821806885261456621e-02,-3.553173168573454888e+00,-5.180080741906284203e+00,-1.253325146623630815e+00,-1.555790477600087485e-01,-6.902298118183267661e-01,-2.612985703758283762e-01
-5.971827229567000517e-01,-1.810684553891305781e-01,-1.814535562433983729e-01,-4.482516931229058033e-02,-1.091960394624337738e+01,-1.414602520342025471e+01,-5.390601029149550527e+00,-1.673588297355697030e-01,-1.533797900243493828e+00,-1.432643702687601106e+00
-4.441922107538819331e-01,-1.814755107049484950e-01,-1.804957833123312094e-01,-4.370699423175500309e-02,-1.127223951419116332e+01,-1.465456680086431973e+01,-5.658177142135855320e+00,-6.847331655831290220e-03,-1.588847554843152210e+00,-2.185947433166116838e+00
-5.392337351205632734e-01,-1.002063309909950184e-01,-1.130205595193813917e-01,-7.007853881383430128e-02,-2.403294885441567885e+00,-4.362384643434776166e+00,-9.194030041062717373e-02,-3.663506943447814024e-01,-5.695122707591107059e-01,-6.281278600468169770e-01
-3.961377297983723622e-01,-1.119624727290355060e-01,-1.351888237075369870e-01,-4.040517057631570763e-02,-5.908576196922670221e+00,-7.405557739373630710e+00,-2.327035748893990785e-01,-1.857224325266138010e-03,-6.012396177334107250e-01,-2.714356140293325836e-01
-5.912338505386560694e-01,-1.920836302536333140e-01,-1.844555015341836635e-01,-4.568413948813448977e-02,-1.092444772019693033e+01,-1.434418663034793795e+01,-5.641056061414193579e+00,-1.723216225239072585e-01,-1.585000605891837111e+00,-5.092453908057628098e-01
-5.941135945227071780e-01,-1.047834276631133821e-01,-1.391949936439593749e-01,-4.634592133353249155e-02,-6.265663070137879487e+00,-7.976119048459100469e+00,-1.458993510839000862e+00,-1.760642783621948482e-01,-7.299420368805105142e-01,-1.095008377897165985e+00
-4.019548916711725983e-01,-4.843947780380936097e-02,-8.756658752598001083e-02,-4.398479812931477273e-02,-3.712079011200195566e-01,-1.640018682664582172e+00,-1.220915328633154218e-02,-2.170362463306063638e-01,-5.642009179708828981e-01,-1.022401002640116019e+00
-4.725599416189859570e-01,-5.567826505218265165e-02,-8.896485802541248544e-02,-7.194935849757899682e-02,-1.666183249594812565e+00,-4.280769654474312347e+00,-1.126762292269631871e-01,-3.076496994981003930e-01,-5.768221434701974459e-01,-2.785279216636393329e+00
-4.824240198505997945e-01,-1.690125876981027897e-01,-1.661905404738737713e-01,-1.218159686787162466e-02,-8.101638913515991192e+00,-9.965539717395966335e+00,-3.897630059745214481e+00,-1.252361651027982248e-01,-1.289795303766135603e+00,-2.278912062229956348e-01
-6.065929815826036631e-01,-1.505245692678392477e-01,-1.638095681896990508e-01,-7.497903760340934864e-02,-8.022082573954087081e+00,-1.175241288974536857e+01,-5.680549471877117895e+00,-4.147115265386660532e-01,-1.593022334140101748e+00,-1.854751859702320260e+00
-4.493061679431211708e-01,-9.211893788503375258e-02,-9.561622287946330845e-02,-7.034773067364941124e-02,-1.701798181572783619e+00,-4.239913580484603983e+00,-5.264557405340042351e-04,-2.736165565350141549e-01,-5.578270624482613016e-01,-9.843354614726518292e-01
-4.833095781542630087e-01,-7.492830153270260696e-02,-1.050401301230858564e-01,-1.799457502812401577e-02,-3.262621104538954597e+00,-4.242620190794269774e+00,-1.652169707624793205e-01,-1.050786988007526013e-01,-5.748130876672004064e-01,-1.465805670625254464e+00
-3.957616981910226928e-01,-1.655885135341609582e-01,-1.628776535201838516e-01,-1.563538744548159665e-02,-8.106803697612853910e+00,-1.020791089112621819e+01,-4.195793865138512047e+00,-2.830618883180591183e-03,-1.336633011722380360e+00,-2.324399227989832895e-01
-4.648151072286892393e-01,-9.205193352862076073e-02,-9.905169894215098969e-02,-6.902970667648039571e-02,-2.059989971774417228e+00,-4.544346681412829270e+00,-1.038486017680959606e-01,-2.782782713795359797e-01,-5.751280671652647669e-01,-1.078376079589272507e+00
-4.446509700861227543e-01,-1.630952255323157019e-01,-1.630723045603218457e-01,-2.080566187825949598e-02,-9.352800919659195245e+00,-1.219258268480692209e+01,-5.668395391471712230e+00,-6.946012118530298096e-03,-1.590583713310390834e+00,-2.009414381485569834e+00
-4.053715962928066130e-01,-9.182555926573809923e-02,-9.864485719138105235e-02,-6.685038072917742769e-02,-2.052937594200262339e+00,-4.477998483839538579e+00,-2.797280889855713326e-02,-2.030997747258092012e-01,-5.605752156833858635e-01,-9.738659244939444903e-01
-5.114453759254287135e-01,-4.512311657677087195e-02,-8.446525159099446678e-02,-4.641380844819131823e-02,-5.607053739114675750e-02,-1.442887128883391767e+00,-4.916403976272221144e-02,-3.500301619952921328e-01,-5.651303449802522749e-01,-1.097419896857369181e+00
-4.174244842298042713e-01,-1.305609781874755571e-01,-1.369587938449073894e-01,-5.208162682047029479e-02,-6.048219210622043818e+00,-9.748060751061938589e+00,-5.663516409834564058e+00,-2.073670907571112387e-01,-1.590129255768841787e+00,-2.285327527233889100e+00
-5.885409626354094481e-01,-1.580137117596918106e-01,-1.357629227828122953e-01,-4.889327095976320203e-02,-5.176423530692954245e+00,-8.751950516206360220e+00,-5.477671882061585507e+00,-3.925606065176712178e-01,-1.552323796082248464e+00,-4.220299786914658569e-01
-3.586502346828518428e-01,-1.394027802815430983e-01,-1.490534721380285810e-01,-7.169224386049999342e-02,-6.800459384384947015e+00,-1.028603386102294337e+01,-4.407853314950461510e+00,-1.836717493858386341e-01,-1.376329616541301704e+00,-2.556902851226125151e+00
-5.371263816890170517e-01,-1.593427516599719707e-01,-1.392044407125859196e-01,-4.728811267411775487e-02,-4.761589974522582480e+00,-7.694640770893567350e+00,-4.447434632015259126e+00,-3.787781976584581045e-01,-1.383285737461427800e+00,-3.929671447071942936e-01
-5.265506562656192546e-01,-6.792739923189905493e-02,-1.096627393998990396e-01,-7.184353097015075407e-02,-2.635086033749249879e+00,-4.379511207021863584e+00,-1.723033019791877507e-01,-3.674409248239149939e-01,-5.895686390945442668e-01,-1.252737210309415872e+00
-4.690788775580668757e-01,-1.614322317744990298e-01,-1.593114634193744106e-01,-1.515813898252305059e-02,-7.695639819342588339e+00,-9.702344351914391041e+00,-3.881286604122543338e+00,-9.686762609915389177e-02,-1.281813344474906913e+00,-2.539373163887521656e-01
-5.344899922493606681e-01,-8.331539901796547465e-02,-9.479650025209981901e-02,-4.573888043863244546e-02,-4.722986634640875536e-01,-1.997670161603192440e+00,-1.758574878232153083e-01,-3.585051275810426930e-01,-5.877883672753068112e-01,-1.871968782085762228e-01
-4.103426267104459679e-01,-1.689547543241704530e-01,-1.697415640456555186e-01,-1.487211437216823251e-02,-8.359664349544484452e+00,-1.020020446766492483e+01,-4.196194165703069245e+00,-1.929513773197610860e-02,-1.337500141232103701e+00,-9.180619115092447657e-02
-3.468681421467796344e-01,-1.361062949293272151e-01,-1.458588693261236580e-01,-7.136761595326579499e-02,-6.546255727274278513e+00,-9.998738615060830170e+00,-4.193123071920499711e+00,-1.669580530624172887e-01,-1.335660702054189741e+00,-2.524773741412261074e+00
-4.474077638192973660e-01,-1.853850401191279862e-01,-1.917619007484869798e-01,-4.596612796671212253e-02,-1.151805514381252493e+01,-1.440879008584233389e+01,-5.611580981849844108e+00,-2.917347100530864878e-02,-1.581292651981915043e+00,-1.300561970726651140e+00
-4.561274110869242282e-01,-8.864093798885119835e-02,-1.095863559859513170e-01,-1.654180100730334724e-02,-3.500154873125246979e+00,-4.692801891757316213e+00,-2.710658764526812092e-01,-6.977909419826877624e-02,-6.043418238557300981e-01,-4.740124402833529871e-01
-3.961532972260440877e-01,-1.589907492394999344e-01,-1.636678708567841922e-01,-1.508551537323765679e-02,-8.516030678964288114e+00,-1.040408280310208511e+01,-4.350912371223163433e+00,-1.895607485636219280e-03,-1.365423630176197278e+00,-1.533359543206730180e+00
-4.114621192474093858e-01,-1.397051321500035748e-01,-1.476295902258548676e-01,-7.272522104525289133e-02,-7.207851054939062863e+00,-1.118991598835281209e+01,-5.103828679074609909e+00,-2.075632329920282793e-01,-1.486173930766691242e+00,-2.738534175134811122e+00
-4.015043102944596543e-01,-1.606640361555167762e-01,-1.440634089643620108e-01,-4.342564984826585706e-02,-5.033019777339717393e+00,-7.698653522803887483e+00,-4.350382119045612228e+00,-2.142089253287422501e-01,-1.366441649208505638e+00,-2.712999907839748204e-01
-3.413175410363397111e-01,-1.383660410916174033e-01,-1.465119828080152786e-01,-7.182263050642648250e-02,-6.719289018463896923e+00,-1.035685590966388503e+01,-4.460622468718799638e+00,-1.635526738979624639e-01,-1.385545420540063688e+00,-2.783832558129459400e+00
-4.261263167187979706e-01,-1.004058871728656654e-01,-1.025800368548020758e-01,-7.498333412769109252e-02,-2.208658885527885474e+00,-5.362930475033675037e+00,-1.511291787947850906e+00,-2.349838991367261265e-01,-7.412818321698182444e-01,-1.045137741827813826e+00
-5.283637284609772333e-01,-1.060877306888261540e-01,-1.387048081964891433e-01,-4.160466990045796898e-02,-6.395831899208104687e+00,-7.469241769919040763e+00,-3.602817839916383491e-01,-1.504035977628608300e-01,-6.206976988797467953e-01,-8.795822563981996467e-01
-4.053798025481311074e-01,-1.619139696566765096e-01,-1.457755877522019794e-01,-4.741844340899431520e-02,-5.009140360115260648e+00,-7.686967017988123985e+00,-4.396675392884304756e+00,-2.325883418828960103e-01,-1.373908707621144032e+00,-2.514112276468125629e-01
-5.253912757523597765e-01,-9.623569166913689688e-02,-1.256688701270766984e-01,-2.253506424114753992e-02,-4.108497957586589422e+00,-4.783554011863902389e+00,-4.111094894764022456e-03,-1.602390340183719175e-01,-5.616589747522588993e-01,-5.506994745388738011e-03
-5.306733828134764241e-01,-1.737624469256243975e-01,-1.784057350349202431e-01,-1.654180100730334724e-02,-8.845522664082050568e+00,-1.049640529897478558e+01,-4.422401088840789640e+00,-1.512825170630551774e-01,-1.377849574788015730e+00,-8.504880685932292295e-02
-4.746988797226284751e-01,-1.180265609456890852e-01,-1.368202827507835340e-01,-3.843420613195858149e-02,-4.231224595166182212e+00,-5.904280176707416672e+00,-2.946393342176790497e+00,-3.468581949739744097e-01,-1.128541185218452370e+00,-9.657564392057036429e-01
-4.121845012511139439e-01,-1.721304445097490976e-01,-1.717069653595169054e-01,-1.516415080298760820e-02,-8.578073696796440828e+00,-1.050314505229015083e+01,-4.432055148844010972e+00,-1.836766437537251662e-02,-1.380043929834524619e+00,-9.824251762862168391e-02
-5.969457107683235897e-01,-9.011953970142777548e-02,-1.281085296221987357e-01,-2.125291347735019931e-02,-4.701714188545068396e+00,-5.576711477587831922e+00,-1.400243998965191139e+00,-1.640472818899056939e-01,-7.189895336316833863e-01,-5.052742913918297774e-01
-4.473309741274904550e-01,-1.742182018111489983e-01,-1.731301833921306543e-01,-1.820410887875817396e-02,-9.221512001072056819e+00,-1.174141396467674525e+01,-5.543189854578308484e+00,-9.299430502551775390e-03,-1.565380120123625929e+00,-1.005050718860722725e-01
-5.986490217609650166e-01,-1.942418789934117762e-01,-1.875556590592210859e-01,-4.906265387522196209e-02,-1.082066869404516751e+01,-1.417735294945506652e+01,-5.675383567435616783e+00,-2.027469740648077945e-01,-1.592146676271971373e+00,-4.394013563032626024e-01
-4.053789140767274368e-01,-1.576341055592143381e-01,-1.360021871414929251e-01,-4.620649736905257932e-02,-4.610081545909601175e+00,-7.617448290820345136e+00,-4.440346480925420281e+00,-2.325660839345080610e-01,-1.382012340720992327e+00,-4.256581033606732234e-01
-3.706488006454092821e-01,-1.711221152375683452e-01,-1.740367039613385791e-01,-3.775496986878779104e-02,-9.879067426755501202e+00,-1.235907557256168232e+01,-4.115587012555181445e+00,-2.720055559612077900e-03,-1.326852055507927730e+00,-1.992817691703534067e+00
-4.471695188074035210e-01,-1.752135650082153884e-01,-1.740788019562062861e-01,-1.821289375497525675e-02,-9.271631687643846931e+00,-1.176885137882096188e+01,-5.547905500522119837e+00,-1.066991937874561813e-02,-1.567947694970547090e+00,-9.329717678546778359e-02
-6.066293035679555246e-01,-1.917645267243413276e-01,-1.823530116334622364e-01,-7.498239881418242159e-02,-8.328401452584891729e+00,-1.175306533641811413e+01,-5.680745574257926478e+00,-4.147473242409720484e-01,-1.593061722391333035e+00,-5.336676529383108658e-01
-5.969176955220995007e-01,-1.721090446703730514e-01,-1.837516861163558668e-01,-1.982304313459432032e-02,-1.004971459414260337e+01,-1.199150305446417164e+01,-5.670000826696981022e+00,-1.630395200691854285e-01,-1.591228293773065516e+00,-4.807129903808888827e-01
-4.493570581684296350e-01,-9.019339289642278046e-02,-1.107459875690928464e-01,-1.509953793407187161e-02,-3.515618812038880492e+00,-4.649446554090612693e+00,-2.167037184197937449e-01,-6.028731520556718237e-02,-5.982706748401671604e-01,-2.194479869781442716e-01
-5.253912757523597765e-01,-1.795498401056238313e-01,-1.837418241760473969e-01,-2.274740112118184276e-02,-9.189363560914578954e+00,-1.090259364169344991e+01,-4.395078421065509389e+00,-1.602390340183719175e-01,-1.374150992804505478e+00,-7.351645729638534021e-03
-3.472495548584333402e-01,-1.678272903732397070e-01,-1.710453563421912848e-01,-3.448660973164296983e-02,-9.502949958929168162e+00,-1.181264183055981576e+01,-3.476227277583472386e+00,-8.850839501022278455e-04,-1.218096648903840062e+00,-2.179935052434204934e+00
-5.957603831644316950e-01,-1.833224270080043017e-01,-1.876360389698910613e-01,-2.593534060388885676e-02,-9.934099664351897729e+00,-1.227551763064114709e+01,-5.616077861802761362e+00,-1.741144119773436749e-01,-1.580664358640609279e+00,-5.827039032862302292e-03
-6.066310024889309815e-01,-1.562132027742430818e-01,-1.756937252919509862e-01,-7.498273694579918325e-02,-8.491053423491116803e+00,-1.175307943134933097e+01,-5.680736611703075312e+00,-4.147492047647336477e-01,-1.593059763331917011e+00,-1.040565732167744173e+00
-5.451328559909514038e-01,-1.591513117461207938e-01,-1.417740580118619642e-01,-4.743342535453598519e-02,-4.831528709249212739e+00,-7.657525774338079572e+00,-4.509164608835394716e+00,-3.826594044308300191e-01,-1.392008110637833695e+00,-2.932295092163954564e-01
-2.783966586648569663e-01,-1.443931875013367838e-01,-1.481480349476618774e-01,-7.022198048245431590e-02,-6.787723094327102302e+00,-1.034749297942407864e+01,-4.362453270973489339e+00,-8.742027428228338337e-02,-1.368662156528309026e+00,-2.507766117030350017e+00
-4.523281645794006156e-01,-1.726871475184443561e-01,-1.860151005393799184e-01,-1.887668724201102544e-02,-1.008319920293651606e+01,-1.188628849883185623e+01,-5.680740257355168410e+00,-1.909223044986774198e-02,-1.593060508681615417e+00,-2.624869312508550934e-01
-5.237614766862672688e-01,-8.123152503547415026e-02,-1.113780153095933478e-01,-1.596836088949427079e-02,-3.740792293525650791e+00,-4.518275036492291008e+00,-1.779299177427446921e-01,-1.529608196453784430e-01,-5.951371669828269262e-01,-1.282146399253146996e+00
-5.288346983841514248e-01,-7.064066781586200716e-02,-1.176041487249468442e-01,-7.498273694579918325e-02,-2.871787554563546507e+00,-4.979441547950056446e+00,-1.264990863383772535e+00,-3.372311902381173176e-01,-6.902652342808739405e-01,-1.029341722139474058e+00
-5.455691536771173356e-01,-1.876934044522422795e-01,-1.807330991135414622e-01,-7.257776831884601987e-02,-7.730511556761278769e+00,-1.040444924526480719e+01,-4.523945123012417469e+00,-3.835368618380563532e-01,-1.395027289746998633e+00,-4.254284253500646429e-01
-4.377142335365140635e-01,-1.509881905224523257e-01,-1.624598109033212334e-01,-5.244790283168682121e-02,-6.577311250911318297e+00,-9.292212065646474173e+00,-5.663492525534696398e+00,-2.464366775808355392e-01,-1.589534228226726853e+00,-3.052339030272683829e-01
-5.624478261525772682e-01,-4.580889110109942486e-02,-7.890738843850853002e-02,-4.936339185955529452e-02,-4.534220426209962795e-01,-2.937533349486585621e+00,-1.249716629839326743e+00,-3.414673035122892664e-01,-6.871424842884525930e-01,-2.203258525131909451e+00
-6.056710396132424234e-01,-1.378212718606655618e-01,-1.579557111325774477e-01,-4.776243021913556541e-02,-6.559130338968977014e+00,-9.159238855127103562e+00,-5.672967381631416117e+00,-4.001142386179106225e-01,-1.591738407230959496e+00,-4.435347966242737527e-01
-3.942670209389366187e-01,-1.221255334392217506e-01,-1.305770279814568724e-01,-4.589772291937532778e-02,-4.520813203711629313e+00,-7.362793399735753752e+00,-4.163602594447304739e+00,-2.266497221171062115e-01,-1.334399686262567997e+00,-1.982335582274435737e+00
-5.902307086301699091e-01,-1.925367603842798037e-01,-2.049496907533640000e-01,-4.442079240369339876e-02,-1.211859068829274122e+01,-1.448689907947776234e+01,-5.567754733185402927e+00,-1.598781699919165078e-01,-1.572249454746799557e+00,-4.382553953359007437e-01
-5.978329253162402157e-01,-8.581664548910297730e-02,-1.270740421324332292e-01,-2.048186918579558702e-02,-4.356163253792235679e+00,-5.035810698397881424e+00,-1.232553517839928503e+00,-1.719068310405114097e-01,-6.836345740924603120e-01,-2.577926672413575204e-01
-5.266409303476484727e-01,-1.578331056186541015e-01,-1.490443247495851220e-01,-4.707095100807129340e-02,-4.943808259094986113e+00,-7.296466573886696949e+00,-4.216233194322079214e+00,-3.653893782520865052e-01,-1.339160172688309558e+00,-1.305672732749343368e-01
-2.799231537622014487e-01,-1.407850457958011725e-01,-1.470585263920673180e-01,-7.088480914502337527e-02,-6.630141687810986895e+00,-1.015684556994429855e+01,-4.291111125983462671e+00,-9.827824572469268105e-02,-1.356712580496958864e+00,-2.603817606551455555e+00
-5.300129563385765907e-01,-1.106709609181678322e-01,-1.487556280118955687e-01,-4.768215520050578249e-02,-6.662837905094423974e+00,-8.107847315763546447e+00,-1.616493380205103136e+00,-1.234008440530480755e-01,-7.638754717364104607e-01,-5.278847433621809415e-01
-4.837861233669499272e-01,-8.986291005428218015e-02,-1.164280971106838314e-01,-1.542942338967118188e-02,-3.539794973104200437e+00,-4.303694898930647383e+00,-2.036307676434034875e-04,-1.008969219349653557e-01,-5.580967896654716043e-01,-3.158092378393106969e-02
-5.278358249832157956e-01,-1.037563702338715754e-01,-1.401848337544442658e-01,-4.325090555897803668e-02,-6.237994216120444690e+00,-7.048538596287983182e+00,-1.503792163754198441e-01,-1.671503384700074868e-01,-5.871114935893899656e-01,-4.864351707746124021e-01
-1.908991464871406807e-01,-1.440646554023931603e-01,-1.503056494614168903e-01,-7.498281456276112422e-02,-7.489935448898357606e+00,-1.175308743438004200e+01,-5.680736823324807006e+00,-5.045143199025048375e-04,-1.593059806365619835e+00,-2.780902223013670849e+00
-5.264343025897646466e-01,-1.129291626507195334e-01,-1.503207271151184854e-01,-4.705521808120910476e-02,-6.819393053571481289e+00,-8.284321077455924609e+00,-1.738211343049449908e+00,-1.163727791329347561e-01,-7.871126418505447475e-01,-5.221045968105659796e-01
-4.291035775102683969e-01,-8.578842060833011263e-02,-1.068679780389271694e-01,-2.153738421978967921e-02,-2.659949826315440191e+00,-3.725174346157139382e+00,-1.608346303072494266e-04,-8.440367340296228704e-02,-5.580888483887438412e-01,-1.459906024112651579e-01
-5.955669008225862315e-01,-1.927757866872245041e-01,-2.042357330070836974e-01,-4.414987142608023385e-02,-1.219671565010003533e+01,-1.465942379750382329e+01,-5.680736611703075312e+00,-1.601430322373622595e-01,-1.593059763331917011e+00,-5.595158796885968400e-01
-5.283147679624772275e-01,-8.927498009237561094e-02,-1.147898462058587477e-01,-2.520521955447202478e-02,-2.741728772710853690e+00,-3.510109008403848208e+00,-4.142362636098795292e-03,-2.182081901334442797e-01,-5.616647604455646814e-01,-3.504354983991930794e-04
-4.277179180179410123e-01,-8.156195570529373162e-02,-8.436907032884904956e-02,-4.532789850614932226e-02,-1.416873957207407386e-01,-2.204039736936618255e+00,-5.205880977765922069e-01,-2.510454291218771061e-01,-6.533739496167942917e-01,-4.971546794226711086e-01
-5.181883675079315132e-01,-1.367960068453529521e-01,-1.457549523129252900e-01,-7.237274334359816708e-02,-7.059698887479708418e+00,-1.111284875699199048e+01,-5.218505579753141888e+00,-3.131145736515978939e-01,-1.498765980315628354e+00,-2.694096799176010748e+00
-6.065085856137961695e-01,-1.940007050011091916e-01,-1.877123390737968911e-01,-7.498157129502341922e-02,-8.503581930491073138e+00,-1.175231676311433660e+01,-5.680301377985081501e+00,-4.146296230831230112e-01,-1.592973794687873479e+00,-4.285728619772921633e-01
-5.163888036351509392e-01,-1.156046536851471351e-01,-1.252526558556056879e-01,-4.605110140575741084e-02,-4.247812641726632421e+00,-7.185733937190786236e+00,-4.136441936355875981e+00,-3.523125622323179940e-01,-1.325002370450315325e+00,-2.103807161242407631e+00
-5.862254701031601734e-01,-1.870546656831744980e-01,-1.942488235908705896e-01,-4.404171829716241326e-02,-1.169083976706912864e+01,-1.437733772108892438e+01,-5.441710964258607675e+00,-1.594738214719892966e-01,-1.551165180892173368e+00,-1.146243404369457153e+00
-6.039899124529947150e-01,-1.286741959627472343e-01,-1.360091181039926322e-01,-4.702626195557291222e-02,-5.843200846423776795e+00,-9.351193562989006836e+00,-5.650829599275414949e+00,-3.874785179210826769e-01,-1.587972389247061855e+00,-2.088492808365622011e+00
-5.175045870901470169e-01,-1.890379572200656388e-01,-1.995861074385696932e-01,-3.984000054702346860e-02,-1.106234863000106827e+01,-1.274176852309372876e+01,-4.253555884947807897e+00,-1.579299778995300052e-01,-1.350331211973186285e+00,-2.629600041754329709e-01
-6.065308197812213642e-01,-6.468417550240940228e-02,-1.121867440979097963e-01,-6.826949910495744289e-02,-2.270427776550036469e+00,-4.203941687278234696e+00,-1.232107574999073307e+00,-4.146436269086479776e-01,-6.835435406600236519e-01,-8.658325951768492956e-01
-5.623076691722498355e-01,-1.410816406722220917e-01,-1.607846948079784399e-01,-4.725392436002540109e-02,-6.893885140847519466e+00,-9.476193312404213032e+00,-5.680736603899418924e+00,-3.425196967364989575e-01,-1.593059762004706670e+00,-4.547378865453719499e-01
-4.514174650375797349e-01,-1.139518990653858588e-01,-1.399102267417762224e-01,-4.312371769038497726e-02,-6.070174554284989199e+00,-7.979508901223091755e+00,-1.326402145805023025e+00,-1.355748057984307309e-02,-7.048001933045799916e-01,-2.278088958988302437e-01
-5.914162044169917198e-01,-1.066858095656982863e-01,-1.455143335382212133e-01,-4.493263420886323134e-02,-6.511589670306651811e+00,-7.788086440630049623e+00,-1.184522619539450261e+00,-1.672726210881476661e-01,-6.851459589716313303e-01,-5.389696648882278396e-01
-4.773653343355049872e-01,-8.348942718944202257e-02,-8.943116570585993297e-02,-4.954607036505526141e-02,-6.070895614176343713e-01,-2.802141858530578844e+00,-8.805980361350869146e-01,-2.814844732310328723e-01,-6.774314492279014388e-01,-4.920379469995666000e-01
-5.094975644688501948e-01,-1.722609228937439507e-01,-1.742885460701730782e-01,-4.335579170918313352e-02,-1.062793996830538745e+01,-1.387802341440456644e+01,-5.237621542057429025e+00,-7.536518323994068069e-02,-1.502734180311900758e+00,-2.157669521124741863e+00
-5.253940470551410336e-01,-9.424398369798636654e-02,-1.248158826990541925e-01,-1.745494944531139625e-02,-4.061374707391365746e+00,-4.610622579227108275e+00,-1.909619716865762484e-03,-1.471723795552937197e-01,-5.614277043769888564e-01,-3.587260314354523416e-03
-6.066313097370934493e-01,-8.354549300472843831e-02,-1.255357808983451062e-01,-7.473975924468825860e-02,-3.589729400845961038e+00,-5.850009267861107531e+00,-1.849626930186651919e+00,-4.147495109138210623e-01,-8.097934572988005897e-01,-1.005451357061678763e+00
-6.066297815308421271e-01,-5.086121683110078617e-02,-9.869825522573011378e-02,-4.953891721163322659e-02,-7.775531132252915256e-01,-2.284431898179395404e+00,-1.299970693363604823e+00,-4.147479017643349586e-01,-6.974168344701592304e-01,-4.416351599003860429e-01
-1.908991464871406807e-01,-9.577377814736087736e-02,-9.971948549327738776e-02,-7.498281456276112422e-02,-2.004718025207239407e+00,-5.148624455426233482e+00,-1.375276477417511245e+00,-5.045143199025048375e-04,-7.128130102780456667e-01,-1.134340335556920820e+00
-5.750065487159519151e-01,-1.594305814671043708e-01,-1.597686808163890915e-01,-2.085546037340940684e-02,-8.972063868554513988e+00,-1.183103961417547723e+01,-5.680263188946483410e+00,-1.518364531095444114e-01,-1.592979408706996836e+00,-2.020898259617720072e+00
-3.961721456010932618e-01,-1.880408201741647078e-01,-1.991328269838480713e-01,-4.020939126695188826e-02,-1.143106141641431250e+01,-1.318524378174805989e+01,-4.399687210930167680e+00,-1.918505743905285499e-03,-1.374467582371051932e+00,-4.181451019077631059e-01
-5.232912262387308111e-01,-7.700929610922582769e-02,-1.083381893835697884e-01,-1.672761691925289673e-02,-3.429240368484716583e+00,-4.192957651442512201e+00,-1.053080682709151006e-02,-1.535977086498943045e-01,-5.600129788754433235e-01,-1.240208840967669701e+00
-5.142889582922800518e-01,-1.868504701677834168e-01,-1.979180824160524654e-01,-3.942070937083574922e-02,-1.133847131464734659e+01,-1.297273731009839892e+01,-4.204244326346756822e+00,-1.466370198525237534e-01,-1.341944535927673599e+00,-4.363845231517906598e-01
-3.948341700920516839e-01,-8.870776227342075382e-02,-1.138672837422380901e-01,-1.502708653505230307e-02,-3.479265418572193624e+00,-4.339720816698033445e+00,-1.012989263887931202e-03,-3.849480546764816324e-04,-5.581505458211299953e-01,-9.083617189072512588e-02
-5.967805832599215599e-01,-1.897763073767989583e-01,-2.029179421519005933e-01,-4.567595778051564137e-02,-1.194549340051627695e+01,-1.436944389867841210e+01,-5.585073167718967113e+00,-1.734711585090709107e-01,-1.573553696003164859e+00,-4.910672411398149251e-01
-5.628834904867106026e-01,-7.213338198988089589e-02,-8.301885804094299992e-02,-4.682067678888041096e-02,-3.040779586579311911e-01,-2.714014511192818446e+00,-1.234551341140328162e+00,-3.390025859698644339e-01,-6.840554411179340377e-01,-7.237901867018123880e-01
-5.349285020564527038e-01,-1.393817667712033137e-01,-1.584291276353172462e-01,-5.014593392319510734e-02,-6.530062262794970707e+00,-9.192884470242532302e+00,-5.671268641698457458e+00,-3.379363817140275117e-01,-1.591124046918752200e+00,-4.477686019488498204e-01
-5.505932375674408297e-01,-1.248811966403699791e-01,-1.325000657503644375e-01,-4.893490951168266712e-02,-5.376933460826265332e+00,-8.856611280905617889e+00,-5.430322194404780589e+00,-3.573504646422800413e-01,-1.550436487539220920e+00,-2.137211030440589354e+00
-1.908991464871406807e-01,-1.364093606212243015e-01,-1.265633605702078113e-01,-7.498202603098613750e-02,-4.515837140342963352e+00,-8.147642726280430736e+00,-3.330396983135130995e+00,-5.045143199025048375e-04,-1.112535321681749068e+00,-1.007156673018867465e+00
-5.992339990817630024e-01,-9.259136979076271201e-02,-1.012265810854366954e-01,-6.867992199190592340e-02,-2.275511998815279213e+00,-5.198193612058890523e+00,-1.231191557921572866e+00,-3.719475333036936782e-01,-6.861229188813862123e-01,-1.091703120006410899e+00
-5.176488465278490381e-01,-1.838497730723676893e-01,-1.953354977769337641e-01,-4.035663868812572330e-02,-1.111108984692400981e+01,-1.280662380200526584e+01,-4.153422905118489439e+00,-1.519142147870877757e-01,-1.331854450647533383e+00,-5.040304108104312064e-01
-6.066316491530032717e-01,-1.441059797888756822e-01,-1.503909663557432275e-01,-7.498288699368094168e-02,-7.493311445982488550e+00,-1.175311542667740738e+01,-5.680749488168416406e+00,-4.147498478043813996e-01,-1.593062395913952045e+00,-2.775059888716565837e+00
-5.384191768509065668e-01,-1.364381485335245392e-01,-1.570983415739128919e-01,-5.025721210542671846e-02,-6.421508270630528870e+00,-9.081912118528872924e+00,-5.680657187614237102e+00,-3.467831501998235311e-01,-1.593046255236084008e+00,-4.539703752144230720e-01
-4.602304804174036645e-01,-1.291949895278559357e-01,-1.352808878890684741e-01,-5.004832284503341056e-02,-5.751844803321397137e+00,-9.366664090979988089e+00,-5.661918349893966251e+00,-2.558986092790700440e-01,-1.589379583036741650e+00,-2.085125948845149679e+00
-5.281057868597919258e-01,-1.911105298790848062e-01,-2.035220780796928031e-01,-4.493265042121580288e-02,-1.202769564006278102e+01,-1.439620593013226468e+01,-5.528691155001872914e+00,-1.036545098692229772e-01,-1.565881047047099628e+00,-4.905211604071091358e-01
-4.981989035653776599e-01,-6.544906176334047698e-02,-9.556894866190862592e-02,-7.052682482141572895e-02,-2.270871818004369658e+00,-4.941977308404585045e+00,-5.203724611729789729e-01,-3.290182825493452867e-01,-6.546135069957550456e-01,-2.734979172916125023e+00
-2.020194278218910844e-01,-1.854281237247983605e-01,-1.745948953168541262e-01,-7.488214836582801626e-02,-8.093809789594615722e+00,-1.173742958672713854e+01,-5.677618790764224599e+00,-1.158501665907074596e-02,-1.592422327919404523e+00,-7.594302397393910553e-01
-4.891569312238770451e-01,-1.528264277335037724e-01,-1.547017733066206324e-01,-2.524858648262945371e-02,-8.301637111367043076e+00,-1.124993700563491217e+01,-5.625782402916581049e+00,-1.042342974621357499e-01,-1.581827103539888313e+00,-1.979347871864183261e+00
-5.341032544187377384e-01,-1.628158425725018676e-01,-1.535445970210170263e-01,-4.469950245468817807e-02,-5.375685313304536805e+00,-7.680272987342075197e+00,-4.331449146178655951e+00,-3.628120343502514444e-01,-1.362377214017337579e+00,-1.132452856067409641e-01
-4.509135969166544466e-01,-1.798554285772120398e-01,-1.790755983822667763e-01,-4.533672155429407935e-02,-1.110528670227783010e+01,-1.454759108379302646e+01,-5.680743696852211144e+00,-2.538218243572121224e-02,-1.593061211885503425e+00,-2.227434379465387693e+00
-1.905403387709213581e-01,-1.609987102591135255e-01,-1.379868591084299767e-01,-5.035030901881754062e-02,-5.408808121165886718e+00,-9.075303234307963152e+00,-5.666505265138859215e+00,-9.481802870769939773e-05,-1.590639366192243997e+00,-4.932225545905453146e-01
